{
    "南充": [
        106.110698, 
        30.837793000000001
    ], 
    "溧阳": [
        119.48, 
        31.43
    ], 
    "嘉兴": [
        120.76000000000001, 
        30.77
    ], 
    "台州": [
        121.42075699999999, 
        28.656386000000001
    ], 
    "招远": [
        120.38, 
        37.350000000000001
    ], 
    "清远": [
        113.01000000000001, 
        23.699999999999999
    ], 
    "阳泉": [
        113.56999999999999, 
        37.850000000000001
    ], 
    "绵阳": [
        104.73, 
        31.48
    ], 
    "临安": [
        119.72, 
        30.23
    ], 
    "咸阳": [
        108.72, 
        34.359999999999999
    ], 
    "自贡": [
        104.778442, 
        29.339030000000001
    ], 
    "云浮": [
        112.02, 
        22.93
    ], 
    "佛山": [
        113.11, 
        23.050000000000001
    ], 
    "北京": [
        116.45999999999999, 
        39.920000000000002
    ], 
    "本溪": [
        123.73, 
        41.299999999999997
    ], 
    "张家港": [
        120.55582099999999, 
        31.875427999999999
    ], 
    "太仓": [
        121.09999999999999, 
        31.449999999999999
    ], 
    "拉萨": [
        91.109999999999999, 
        29.969999999999999
    ], 
    "即墨": [
        120.45, 
        36.380000000000003
    ], 
    "中山": [
        113.38, 
        22.52
    ], 
    "西安": [
        108.95, 
        34.270000000000003
    ], 
    "胶南": [
        119.97, 
        35.880000000000003
    ], 
    "西宁": [
        101.73999999999999, 
        36.560000000000002
    ], 
    "丽水": [
        119.92, 
        28.449999999999999
    ], 
    "三亚": [
        109.511909, 
        18.252846999999999
    ], 
    "海口": [
        110.34999999999999, 
        20.02
    ], 
    "泰州": [
        119.90000000000001, 
        32.490000000000002
    ], 
    "铜川": [
        109.11, 
        35.090000000000003
    ], 
    "连云港": [
        119.16, 
        34.590000000000003
    ], 
    "海门": [
        121.15000000000001, 
        31.890000000000001
    ], 
    "绍兴": [
        120.58, 
        30.010000000000002
    ], 
    "牡丹江": [
        129.58000000000001, 
        44.600000000000001
    ], 
    "富阳": [
        119.95, 
        30.07
    ], 
    "哈尔滨": [
        126.63, 
        45.75
    ], 
    "湖州": [
        120.09999999999999, 
        30.859999999999999
    ], 
    "大同": [
        113.3, 
        40.119999999999997
    ], 
    "湘潭": [
        112.91, 
        27.870000000000001
    ], 
    "宜宾": [
        104.56, 
        29.77
    ], 
    "金坛": [
        119.56, 
        31.739999999999998
    ], 
    "江阴": [
        120.26000000000001, 
        31.91
    ], 
    "岳阳": [
        113.09, 
        29.370000000000001
    ], 
    "济宁": [
        116.59, 
        35.380000000000003
    ], 
    "胶州": [
        120.03336, 
        36.264622000000003
    ], 
    "蓬莱": [
        120.75, 
        37.799999999999997
    ], 
    "鞍山": [
        122.84999999999999, 
        41.119999999999997
    ], 
    "荣成": [
        122.41, 
        37.159999999999997
    ], 
    "安阳": [
        114.34999999999999, 
        36.100000000000001
    ], 
    "金华": [
        119.64, 
        29.120000000000001
    ], 
    "芜湖": [
        118.38, 
        31.329999999999998
    ], 
    "汕尾": [
        115.37527900000001, 
        22.786211000000002
    ], 
    "阳江": [
        111.95, 
        21.850000000000001
    ], 
    "淮安": [
        119.15000000000001, 
        33.5
    ], 
    "德阳": [
        104.37, 
        31.129999999999999
    ], 
    "茂名": [
        110.88, 
        21.68
    ], 
    "九江": [
        115.97, 
        29.710000000000001
    ], 
    "邢台": [
        114.48, 
        37.049999999999997
    ], 
    "廊坊": [
        116.7, 
        39.530000000000001
    ], 
    "厦门": [
        118.09999999999999, 
        24.460000000000001
    ], 
    "唐山": [
        118.02, 
        39.630000000000003
    ], 
    "昆明": [
        102.73, 
        25.039999999999999
    ], 
    "深圳": [
        114.06999999999999, 
        22.620000000000001
    ], 
    "宁波": [
        121.56, 
        29.859999999999999
    ], 
    "天津": [
        117.2, 
        39.130000000000003
    ], 
    "秦皇岛": [
        119.56999999999999, 
        39.950000000000003
    ], 
    "文登": [
        122.05, 
        37.200000000000003
    ], 
    "枣庄": [
        117.56999999999999, 
        34.859999999999999
    ], 
    "石嘴山": [
        106.39, 
        39.039999999999999
    ], 
    "揭阳": [
        116.34999999999999, 
        23.550000000000001
    ], 
    "邯郸": [
        114.47, 
        36.600000000000001
    ], 
    "德州": [
        116.29000000000001, 
        37.450000000000003
    ], 
    "章丘": [
        117.53, 
        36.719999999999999
    ], 
    "三门峡": [
        111.19, 
        34.759999999999998
    ], 
    "银川": [
        106.27, 
        38.469999999999999
    ], 
    "宿迁": [
        118.3, 
        33.960000000000001
    ], 
    "合肥": [
        117.27, 
        31.859999999999999
    ], 
    "柳州": [
        109.40000000000001, 
        24.329999999999998
    ], 
    "南宁": [
        108.33, 
        22.84
    ], 
    "东莞": [
        113.75, 
        23.039999999999999
    ], 
    "株洲": [
        113.16, 
        27.829999999999998
    ], 
    "成都": [
        104.06, 
        30.670000000000002
    ], 
    "珠海": [
        113.52, 
        22.300000000000001
    ], 
    "库尔勒": [
        86.060000000000002, 
        41.68
    ], 
    "保定": [
        115.48, 
        38.850000000000001
    ], 
    "呼和浩特": [
        111.65000000000001, 
        40.82
    ], 
    "昆山": [
        120.95, 
        31.390000000000001
    ], 
    "温州": [
        120.65000000000001, 
        28.010000000000002
    ], 
    "延安": [
        109.47, 
        36.600000000000001
    ], 
    "上海": [
        121.48, 
        31.219999999999999
    ], 
    "乌兰察布": [
        109.16, 
        39.369999999999997
    ], 
    "潍坊": [
        119.09999999999999, 
        36.619999999999997
    ], 
    "玉溪": [
        102.52, 
        24.350000000000001
    ], 
    "武汉": [
        114.31, 
        30.52
    ], 
    "义乌": [
        120.06, 
        29.32
    ], 
    "重庆": [
        106.54000000000001, 
        29.59
    ], 
    "曲靖": [
        103.79000000000001, 
        25.510000000000002
    ], 
    "开封": [
        114.34999999999999, 
        34.789999999999999
    ], 
    "长治": [
        113.08, 
        36.18
    ], 
    "承德": [
        117.93000000000001, 
        40.969999999999999
    ], 
    "日照": [
        119.45999999999999, 
        35.420000000000002
    ], 
    "湛江": [
        110.35937699999999, 
        21.270707999999999
    ], 
    "莱州": [
        119.94232700000001, 
        37.177016999999999
    ], 
    "渭南": [
        109.5, 
        34.520000000000003
    ], 
    "韶关": [
        113.62, 
        24.84
    ], 
    "淄博": [
        118.05, 
        36.780000000000001
    ], 
    "锦州": [
        121.15000000000001, 
        41.130000000000003
    ], 
    "潮州": [
        116.63, 
        23.68
    ], 
    "鄂尔多斯": [
        109.781327, 
        39.608266
    ], 
    "临沂": [
        118.34999999999999, 
        35.049999999999997
    ], 
    "常德": [
        111.69, 
        29.050000000000001
    ], 
    "长沙": [
        113, 
        28.210000000000001
    ], 
    "大庆": [
        125.03, 
        46.579999999999998
    ], 
    "烟台": [
        121.39, 
        37.520000000000003
    ], 
    "福州": [
        119.3, 
        26.079999999999998
    ], 
    "泸州": [
        105.39, 
        28.91
    ], 
    "常熟": [
        120.73999999999999, 
        31.640000000000001
    ], 
    "抚顺": [
        123.97, 
        41.969999999999999
    ], 
    "平度": [
        119.97, 
        36.770000000000003
    ], 
    "济南": [
        117, 
        36.649999999999999
    ], 
    "诸暨": [
        120.23, 
        29.710000000000001
    ], 
    "焦作": [
        113.20999999999999, 
        35.240000000000002
    ], 
    "镇江": [
        119.44, 
        32.200000000000003
    ],