{
    "科威特": [
        47.481766, 
        29.31166
    ], 
    "马拉维": [
        34.301524999999998, 
        -13.254308
    ], 
    "吉尔吉斯斯坦": [
        74.766098, 
        41.20438
    ], 
    "利比亚": [
        17.228331000000001, 
        26.335100000000001
    ], 
    "南非": [
        22.937505999999999, 
        -30.559481999999999
    ], 
    "阿塞拜疆": [
        47.576926999999998, 
        40.143104999999998
    ], 
    "法属南半球和南极领地": [
        69.348557, 
        -49.280366000000001
    ], 
    "匈牙利": [
        19.503304, 
        47.162494000000002
    ], 
    "泰国": [
        100.992541, 
        15.870032
    ], 
    "黎巴嫩": [
        35.862285, 
        33.854720999999998
    ], 
    "刚果共和国": [
        15.827659000000001, 
        -0.228021
    ], 
    "巴基斯坦": [
        69.34511599999999, 
        30.375321
    ], 
    "加拿大": [
        -106.346771, 
        56.130366000000002
    ], 
    "保加利亚": [
        25.48583, 
        42.733882999999999
    ], 
    "马来西亚": [
        101.97576599999999, 
        4.2104840000000001
    ], 
    "叙利亚": [
        38.996814999999998, 
        34.802074999999988
    ], 
    "黑山": [
        19.374389999999998, 
        42.708677999999999
    ], 
    "白俄罗斯": [
        27.953389000000001, 
        53.709806999999998
    ], 
    "秘鲁": [
        -75.015152, 
        -9.1899669999999993
    ], 
    "摩洛哥": [
        -7.0926199999999993, 
        31.791702000000001
    ], 
    "莱索托": [
        28.233608, 
        -29.609988000000001
    ], 
    "也门": [
        48.516387999999999, 
        15.552727000000001
    ], 
    "突尼斯": [
        9.5374990000000004, 
        33.886916999999997
    ], 
    "阿根廷": [
        -63.616671999999987, 
        -38.416097000000001
    ], 
    "委内瑞拉": [
        -66.589730000000003, 
        6.4237500000000001
    ], 
    "北朝鲜": [
        127.510093, 
        40.339852
    ], 
    "中国": [
        104.195397, 
        35.861660000000001
    ], 
    "瓦努阿图": [
        166.959158, 
        -15.376706
    ], 
    "纳米比亚": [
        18.490410000000001, 
        -22.957640000000001
    ], 
    "塞尔维亚共和国": [
        21.005859000000001, 
        44.016520999999997
    ], 
    "克罗地亚": [
        15.199999999999999, 
        45.100000000000001
    ], 
    "玻利维亚": [
        -63.588652999999987, 
        -16.290154000000001
    ], 
    "塞内加尔": [
        -14.452362000000001, 
        14.497401
    ], 
    "希腊": [
        21.824311999999999, 
        39.074207999999999
    ], 
    "刚果民主共和国": [
        21.758664, 
        -4.0383329999999997
    ], 
    "印尼": [
        113.92132700000001, 
        -0.78927499999999995
    ], 
    "阿联酋": [
        53.847817999999997, 
        23.424075999999999
    ], 
    "意大利": [
        12.56738, 
        41.871940000000002
    ], 
    "马其顿": [
        21.745274999999999, 
        41.608635
    ], 
    "芬兰": [
        25.748151, 
        61.924109999999992
    ], 
    "象牙海岸": [
        -5.5470799999999993, 
        7.5399889999999994
    ], 
    "福克兰群岛": [
        -59.523612999999997, 
        -51.796253
    ], 
    "斯洛伐克": [
        19.699024000000001, 
        48.669026000000002
    ], 
    "多明尼加共和国": [
        -70.162650999999997, 
        18.735693000000001
    ], 
    "冈比亚": [
        -15.310138999999999, 
        13.443182
    ], 
    "新西兰": [
        174.88597100000001, 
        -40.900556999999999
    ], 
    "索马里兰": [
        46.825283800000001, 
        9.4117433999999989
    ], 
    "以色列": [
        34.851612000000003, 
        31.046050999999999
    ], 
    "斯洛文尼亚": [
        14.995463000000001, 
        46.151240999999999
    ], 
    "阿富汗": [
        67.709952999999999, 
        33.939109999999999
    ], 
    "英国": [
        -3.4359730000000002, 
        55.378050999999999
    ], 
    "奥地利": [
        14.550072, 
        47.516230999999998
    ], 
    "蒙古": [
        103.846656, 
        46.862496
    ], 
    "贝宁": [
        2.3158340000000002, 
        9.3076899999999991
    ], 
    "东帝汶": [
        125.72753899999999, 
        -8.8742169999999998
    ], 
    "苏丹": [
        30.217635999999999, 
        12.862807
    ], 
    "海地": [
        -72.285214999999994, 
        18.971187
    ], 
    "斯威士兰": [
        31.465865999999998, 
        -26.522503
    ], 
    "格鲁吉亚": [
        -82.900075099999995, 
        32.1656221
    ], 
    "利比里亚": [
        -9.4294990000000016, 
        6.4280549999999996
    ], 
    "土库曼斯坦": [
        59.556277999999999, 
        38.969718999999998
    ], 
    "澳大利亚": [
        133.775136, 
        -25.274398000000001
    ], 
    "西班牙": [
        -3.7492200000000002, 
        40.463667000000008
    ], 
    "哥伦比亚": [
        -74.297332999999995, 
        4.5708679999999999
    ], 
    "北塞浦路斯": [
        33.429859, 
        35.126412999999999
    ], 
    "爱沙尼亚": [
        25.013607, 
        58.595272000000001
    ], 
    "哥斯达黎加": [
        -83.753428, 
        9.7489169999999987
    ], 
    "塞浦路斯": [
        33.429859, 
        35.126412999999999
    ], 
    "沙特阿拉伯": [
        45.079161999999997, 
        23.885942
    ], 
    "南苏丹": [
        31.3069788, 
        6.8769918999999993
    ], 
    "乌克兰": [
        31.165579999999999, 
        48.379432999999999
    ], 
    "罗马尼亚": [
        24.966760000000001, 
        45.943161000000003
    ], 
    "智利": [
        -71.542968999999999, 
        -35.675147000000003
    ], 
    "尼加拉瓜": [
        -85.207228999999998, 
        12.865416
    ], 
    "圭亚那": [
        -58.93018, 
        4.8604159999999998
    ], 
    "捷克共和国": [
        15.472962000000001, 
        49.817491999999987
    ], 
    "伯利兹": [
        -88.497649999999993, 
        17.189876999999999
    ], 
    "荷兰": [
        5.2912659999999994, 
        52.132632999999998
    ], 
    "哈萨克斯坦": [
        66.923683999999994, 
        48.019573000000001
    ], 
    "塔吉克斯坦": [
        71.276093000000003, 
        38.861033999999997
    ], 
    "柬埔寨": [
        104.99096299999999, 
        12.565678999999999
    ], 
    "立陶宛": [
        23.881274999999999, 
        55.169438
    ], 
    "中非共和国": [
        20.939444000000002, 
        6.6111109999999993
    ], 
    "瑞典": [
        18.643501000000001, 
        60.128161000000013
    ], 
    "爱尔兰": [
        -8.2438900000000004, 
        53.412909999999997
    ], 
    "赤道几内亚": [
        10.267894999999999, 
        1.650801
    ], 
    "亚美尼亚": [
        45.038189000000003, 
        40.069099000000001
    ], 
    "格陵兰": [
        -42.604303000000002, 
        71.706935999999999
    ], 
    "科索沃": [
        20.902977, 
        42.602635900000003
    ], 
    "印度": [
        78.962879999999998, 
        20.593684
    ], 
    "多哥": [
        0.82478200000000002, 
        8.6195430000000002
    ], 
    "老挝": [
        102.495496, 
        19.856269999999999
    ], 
    "挪威": [
        8.468945999999999, 
        60.47202399999999
    ], 
    "土耳其": [
        35.243321999999999, 
        38.963745000000003
    ], 
    "拉脱维亚": [
        24.603189, 
        56.879635
    ], 
    "西撒哈拉": [
        -12.885833999999999, 
        24.215527000000002
    ], 
    "阿曼": [
        55.923254999999997, 
        21.512582999999999
    ], 
    "西岸": [
        35.302722600000003, 
        31.946570300000001
    ], 
    "肯尼亚": [
        37.906193000000002, 
        -0.023559
    ], 
    "博茨瓦纳": [
        24.684866, 
        -22.328474
    ], 
    "加蓬": [
        11.609444, 
        -0.80368899999999999
    ], 
    "尼日尔": [
        8.0816660000000002, 
        17.607789
    ], 
    "布基纳法索": [
        -1.561593, 
        12.238333000000001
    ], 
    "几内亚比绍": [
        -15.180413, 
        11.803749
    ], 
    "特里尼达和多巴哥": [
        -61.222503000000003, 
        10.691803
    ], 
    "阿尔巴尼亚": [
        20.168330999999998, 
        41.153331999999999
    ], 
    "坦桑尼亚联合共和国": [
        34.888821999999998, 
        -6.3690280000000001
    ], 
    "厄瓜多尔": [
        -78.183405999999991, 
        -1.8312390000000001
    ], 
    "葡萄牙": [
        -8.2244539999999997, 
        39.399871999999988
    ],